{"cameraMode":{"drawMode":0,"name":"Shaded","section":"Shading Mode"},"sceneLighting":true,"audioPlay":false,"sceneViewState":{"m_AlwaysRefresh":false,"showFog":false,"showSkybox":false,"showFlares":false,"showImageEffects":false,"showParticleSystems":false,"showVisualEffectGraphs":false,"m_FxEnabled":true},"in2DMode":false,"pivot":{"x":1.1499996185302735,"y":8.09000015258789,"z":0.22999954223632813},"rotation":{"x":0.01967458240687847,"y":-0.38397306203842165,"z":0.008181371726095677,"w":0.923100471496582},"size":38.676692962646487,"orthographic":false}