{"cameraMode":{"drawMode":0,"name":"Shaded","section":"Shading Mode"},"sceneLighting":true,"audioPlay":false,"sceneViewState":{"m_AlwaysRefresh":false,"showFog":false,"showSkybox":false,"showFlares":false,"showImageEffects":false,"showParticleSystems":false,"showVisualEffectGraphs":false,"m_FxEnabled":true},"in2DMode":false,"pivot":{"x":0.17102934420108796,"y":5.180455207824707,"z":-0.030167963355779649},"rotation":{"x":0.01967458240687847,"y":-0.38397306203842165,"z":0.008181371726095677,"w":0.923100471496582},"size":3.891535758972168,"orthographic":false}