{"cameraMode":{"drawMode":0,"name":"Shaded","section":"Shading Mode"},"sceneLighting":true,"audioPlay":false,"sceneViewState":{"m_AlwaysRefresh":false,"showFog":false,"showSkybox":false,"showFlares":false,"showImageEffects":false,"showParticleSystems":false,"showVisualEffectGraphs":false,"m_FxEnabled":true},"in2DMode":false,"pivot":{"x":600.4850463867188,"y":211.01438903808595,"z":0.19171549379825593},"rotation":{"x":-0.10351695865392685,"y":0.17274874448776246,"z":-0.018259502947330476,"w":-0.9793422818183899},"size":99.04521179199219,"orthographic":false}